-- phpMyAdmin SQL Dump
-- version 5.0.4
-- https://www.phpmyadmin.net/
--
-- Host: localhost
-- Erstellungszeit: 09. Jan 2021 um 00:57
-- Server-Version: 5.7.32-0ubuntu0.18.04.1
-- PHP-Version: 7.2.24-0ubuntu0.18.04.7

SET SQL_MODE = "NO_AUTO_VALUE_ON_ZERO";
START TRANSACTION;
SET time_zone = "+00:00";


/*!40101 SET @OLD_CHARACTER_SET_CLIENT=@@CHARACTER_SET_CLIENT */;
/*!40101 SET @OLD_CHARACTER_SET_RESULTS=@@CHARACTER_SET_RESULTS */;
/*!40101 SET @OLD_COLLATION_CONNECTION=@@COLLATION_CONNECTION */;
/*!40101 SET NAMES utf8mb4 */;

--
-- Datenbank: `VotingSystem`
--

-- --------------------------------------------------------

--
-- Tabellenstruktur für Tabelle `auth_codes`
--

CREATE TABLE `auth_codes` (
  `id` bigint(20) NOT NULL,
  `code` varchar(255) DEFAULT NULL,
  `name` varchar(255) DEFAULT NULL,
  `time` bigint(20) NOT NULL
) ENGINE=InnoDB DEFAULT CHARSET=latin1;

--
-- Daten für Tabelle `auth_codes`
--

INSERT INTO `auth_codes` (`id`, `code`, `name`, `time`) VALUES
(38, '088179', 'dilan.oeztuerk@adolfinum.de', 1609110317373),
(124, '126316', 'niklas.klaffki@adolfinum.de ', 1609166045175);

-- --------------------------------------------------------

--
-- Tabellenstruktur für Tabelle `candidates`
--

CREATE TABLE `candidates` (
  `id` bigint(20) NOT NULL,
  `name` varchar(255) DEFAULT NULL,
  `votes` int(11) DEFAULT NULL,
  `category_id` bigint(20) DEFAULT NULL
) ENGINE=InnoDB DEFAULT CHARSET=latin1;

--
-- Daten für Tabelle `candidates`
--

INSERT INTO `candidates` (`id`, `name`, `votes`, `category_id`) VALUES
(211, 'Simon Bussmann', 17, 1),
(212, 'Lili Schweitzer', 17, 1),
(213, 'Leon Borgerding', 31, 1),
(214, 'Moritz Weihnacht', 16, 1),
(215, 'Cedric Damerow', 38, 1),
(216, 'Jerome Laukamp', 26, 2),
(217, 'Justin Kauschke', 17, 2),
(218, 'Burak Kulac', 44, 2),
(219, 'Moritz Liebisch ', 11, 2),
(220, 'Christian Beutel', 22, 2),
(221, 'Nico Hahn', 22, 3),
(222, 'Meret Fass', 18, 3),
(223, 'Sven Mittmann', 26, 3),
(224, 'Manon Schroff ', 29, 3),
(225, 'Hendrik Herffs', 24, 3),
(226, 'Meret Fass', 35, 4),
(227, 'Marie Pütter', 45, 4),
(228, 'Laura König', 18, 4),
(229, 'Delia Schmitz ', 10, 4),
(230, 'Christian Beutel ', 16, 4),
(231, 'Burak Kulac', 19, 5),
(232, 'Justus Bösken', 46, 5),
(233, 'Jerome Laukamp', 21, 5),
(234, 'Moritz Liebisch', 3, 5),
(235, 'Ben Schwarz', 32, 5),
(236, 'Burak Kulac', 55, 6),
(237, 'Jerome Laukamp ', 48, 6),
(238, 'Justin Kauschke ', 9, 6),
(239, 'Moritz Liebisch', 2, 6),
(240, 'Leon Borgerding', 8, 6),
(241, 'Jerome Laukamp ', 26, 7),
(242, 'Moritz Liebisch', 49, 7),
(243, 'Yarkin Kulaksiz', 8, 7),
(244, 'Justin Kauschke', 16, 7),
(245, 'Alexander Pinske', 22, 7),
(246, 'Marie und Nico', 48, 8),
(247, 'Christian und Romyna', 31, 8),
(248, 'Isabelle und Moritz', 13, 8),
(249, 'Leon und Luise', 22, 8),
(250, 'Jennifer und Victor', 8, 8),
(251, 'Delia Schmitz', 46, 9),
(252, 'Leonie Walusch', 14, 9),
(253, 'Laura König', 25, 9),
(254, 'Simon Bussmann', 17, 9),
(255, 'Lukas Corell', 15, 9),
(256, 'Jerome Laukamp', 17, 10),
(257, 'Patrick Preuß', 42, 10),
(258, 'Moritz Liebisch', 13, 10),
(259, 'Justin Kauschke', 24, 10),
(260, 'Yarkin Kulaksiz', 23, 10),
(261, 'Jerome Laukamp ', 14, 11),
(262, 'Burak Kulac', 20, 11),
(263, 'Sean McCormick-Silex', 41, 11),
(264, 'Leonie Wallusch', 38, 11),
(265, 'Simon Bussmann', 7, 11),
(266, 'Simon Bussmann', 17, 12),
(267, 'Delia Schmitz ', 21, 12),
(268, 'Justus Bösken', 32, 12),
(269, 'Lavinia Schmitz ', 45, 12),
(270, 'Moritz Weihnacht', 8, 12),
(271, 'Evelyn Hofmann', 48, 13),
(272, 'Helena neukirch ', 29, 13),
(273, 'Manon Schroff', 11, 13),
(274, 'Julius Preußer', 10, 13),
(275, 'Burak Kulac', 22, 13),
(276, 'Jerome laukamp ', 15, 14),
(277, 'Nico Lipinski', 42, 14),
(278, 'Phillip Heckhoff', 36, 14),
(279, 'Alexander Neumann', 8, 14),
(280, 'Luca van den Boom', 18, 14),
(281, 'Jerome Laukamp', 55, 15),
(282, 'Patrick Preuß', 21, 15),
(283, 'Justus Bösken', 12, 15),
(284, 'Julia Müller', 12, 15),
(285, 'Ben Schwarz', 17, 15),
(286, 'Moritz Liebisch', 13, 16),
(287, 'Jan Schliekmann', 58, 16),
(288, 'Jerome Laukamp', 6, 16),
(289, 'Anna Wilmschen', 40, 16),
(290, 'Malo Soulier', 7, 16),
(291, 'Evelyn Hofmann', 39, 17),
(292, 'Manon Schroff', 20, 17),
(293, 'Greta Bentgens', 21, 17),
(294, 'Antonia Eigemann', 11, 17),
(295, 'Luzi Weichert', 23, 17),
(296, 'Burak Kulac', 30, 18),
(297, 'Sean McCormick-Silex', 47, 18),
(298, 'Luis Erpenbach', 27, 18),
(299, 'Delia Schmitz', 9, 18),
(300, 'Christian Beutel', 12, 18),
(301, 'Simon Bussmann', 46, 19),
(302, 'Evelyn Hofmann', 17, 19),
(304, 'Chiara Welter', 37, 19),
(305, 'Antonia Eigemann', 14, 19),
(306, 'Romyna Gurny', 44, 20),
(307, 'Annika Koch', 24, 20),
(308, 'Laura König', 15, 20),
(309, 'Carlotta Tückmantel', 12, 20),
(310, 'Marie Scheidung', 26, 20),
(311, 'Katharina Schmitz', 24, 21),
(312, 'Nicolas Cunha', 32, 21),
(313, 'Clemens Spoo ', 31, 21),
(314, 'Luise Lu', 21, 21),
(315, 'Jolan Gerritzen', 15, 21),
(316, 'Jerome Laukamp und Moritz Liebisch', 45, 22),
(317, 'Katharina Schmitz und Linnea Paulukuhn', 30, 22),
(318, 'Anna Feldmann und Lilly Schmidtke', 19, 22),
(319, 'Dilan Öztürk und Malin Kalnis', 15, 22),
(320, 'Laura Rüttershoff und Calotta Tückmantel', 10, 22),
(321, 'Christian Pickardt', 39, 23),
(322, 'Jerome Laukamp', 20, 23),
(323, 'Moritz Liebisch ', 25, 23),
(324, 'Nouel Verberkt', 22, 23),
(325, 'Julius Preußer ', 13, 23),
(326, 'Robin Heldt', 30, 24),
(327, 'Antonia Eigemann', 27, 24),
(328, 'Christian Beutel ', 24, 24),
(329, 'Ben Schwarz', 24, 24),
(330, 'Dilan Öztürk', 18, 24),
(331, 'Marie Scheidung', 49, 25),
(332, 'Delia Schmitz', 20, 25),
(333, 'Nicolas Cunha', 23, 25),
(334, 'Greta Bentgens ', 22, 25),
(335, 'Jerome Laukamp', 10, 25),
(336, 'Laurin Severith', 43, 26),
(337, 'Katharina Schmitz', 5, 26),
(338, 'Lewis Lehner', 13, 26),
(339, 'Justus Bösken', 15, 26),
(340, 'Alexander Kupillas ', 42, 26),
(341, 'Jolan Gerritzen ', 47, 27),
(342, 'Anna Feldmann', 35, 27),
(343, 'Tim Krichel', 19, 27),
(344, 'Jan Hövel ', 17, 27),
(345, 'Amelie Laake', 6, 27),
(346, 'Jolan Gerritzen', 26, 28),
(347, 'Marie Scheidung', 34, 28),
(348, 'Delia Schmitz', 9, 28),
(349, 'Luis Erpenbach', 43, 28),
(350, 'Simon Bussmann', 9, 28),
(351, ' Jerome Laukamp', 46, 29),
(352, 'Moritz Liebisch', 21, 29),
(353, 'Justus Bösken', 20, 29),
(354, 'Burak Kulac', 6, 29),
(355, 'Lavinia Schmitz', 25, 29),
(356, 'Emma Sprenger', 25, 30),
(357, 'Zeynep Efe', 40, 30),
(358, 'Marie Scheidung', 28, 30),
(359, 'Antonia Eigemann ', 10, 30),
(360, 'Carlotta Tückmantel', 15, 30),
(361, 'Jan Schliekmann', 30, 31),
(362, 'Christian Beutel', 24, 31),
(363, 'Clemens Spoo', 19, 31),
(364, 'Ben Schwarz', 11, 31),
(365, 'Malo Soulier', 23, 31),
(366, 'Melinda Hirschelmann', 42, 32),
(367, 'Manon Schroff', 19, 32),
(368, 'Evelyn Hofmann', 22, 32),
(369, 'Paula Haub', 13, 32),
(370, 'Luzi Weichert', 19, 32),
(371, 'Herr Nolte', 37, 33),
(372, 'Frau Reiss', 19, 33),
(373, 'Herr Heisig-Pitzen', 20, 33),
(374, 'Frau Kahlert ', 21, 33),
(375, 'Frau Adams', 25, 33),
(376, 'Frau Meier', 23, 34),
(377, 'Herr Nolte', 29, 34),
(378, 'Herr Koopmann', 24, 34),
(379, 'Frau Reiss', 28, 34),
(380, 'Herr Liesegang ', 15, 34),
(381, 'Frau Müller', 49, 35),
(382, 'Herr Schattenberg', 38, 35),
(383, 'Herr Heisig-Pitzen', 11, 35),
(384, 'Herr Watkins', 12, 35),
(385, 'Frau Grade', 13, 35),
(386, 'Herr Krauskopf', 47, 36),
(387, 'Frau Klein', 16, 36),
(388, 'Frau Reiss', 14, 36),
(389, 'Frau Haustein ', 30, 36),
(390, 'Frau Adams', 18, 36),
(391, 'Herr Herrmann', 48, 37),
(392, 'Herr Klag', 44, 37),
(393, 'Herr Niemeier', 12, 37),
(394, 'Herr Heining ', 9, 37),
(395, 'Frau Dietz', 10, 37),
(396, 'Frau Reiss', 22, 38),
(397, 'Frau Kahlert ', 36, 38),
(398, 'Frau Haustein', 20, 38),
(399, 'Frau Romberg ', 33, 38),
(400, 'Frau Schlüter', 12, 38),
(401, 'Herr Schattenberg', 23, 39),
(402, 'Herr Heisig', 20, 39),
(403, 'Herr Heße', 31, 39),
(404, 'Herr Klümper', 16, 39),
(405, 'Herr Koopmann', 23, 39),
(406, 'Koopmann und Liesegang', 65, 40),
(407, 'Meyering und Milde', 22, 40),
(408, 'Evers und Neumann', 18, 40),
(409, 'Heining, Liesegang und Koopmann', 10, 40),
(410, 'Rennert und Schubert ', 8, 40),
(411, 'Frau Müller', 39, 41),
(412, 'Frau Grade', 16, 41),
(413, 'Herr Schirra ', 26, 41),
(414, 'Frau Sokolowski', 26, 41),
(415, 'Herr Watkins ', 18, 41),
(416, 'Frau Müller', 17, 42),
(417, 'Frau Meyering ', 38, 42),
(418, 'Herr Schattenberg', 16, 42),
(419, 'Herr Nolte', 28, 42),
(420, 'Herr Heße', 25, 42),
(422, 'Manon Schroff', 9, 19);

-- --------------------------------------------------------

--
-- Tabellenstruktur für Tabelle `categories`
--

CREATE TABLE `categories` (
  `id` bigint(20) NOT NULL,
  `name` varchar(255) DEFAULT NULL
) ENGINE=InnoDB DEFAULT CHARSET=latin1;

--
-- Daten für Tabelle `categories`
--

INSERT INTO `categories` (`id`, `name`) VALUES
(1, 'Nesthocker'),
(2, 'Beste Ausreden'),
(3, 'Verfressenste'),
(4, 'Ehre wem Ehre gebührt - Die Engagiertesten'),
(5, 'Verhandlungskünstler'),
(6, 'Stufenclown'),
(7, 'Knacki'),
(8, 'Traumpaar'),
(9, 'Lexikon'),
(10, 'Harzer'),
(11, 'Unvergesslich'),
(12, 'Größter Klugscheißer'),
(13, 'Future Celebrity'),
(14, 'Pornhub als Abendbeschäftigung'),
(15, 'Größte/r Schnorrer/in'),
(16, 'Hat gefühlt die meisten Fehlstunden'),
(17, 'Größte Diva'),
(18, 'Weltherrschaft 2040'),
(19, 'Größte Labertasche'),
(20, 'Sonnenschein'),
(21, 'Kleinster Aufwand, größter Erfolg'),
(22, 'Ziemlich beste Freunde'),
(23, 'Am faulsten'),
(24, 'Immer zu spät'),
(25, 'Lehrers Liebling'),
(26, 'Gleich geblieben'),
(27, 'Größter Bonze'),
(28, 'Verdient später am meisten'),
(29, 'Lehrerschreck'),
(30, 'Augenschmaus (W)'),
(31, 'Augenschmaus (M)'),
(32, 'Lästermaul'),
(33, 'Notenwürfler'),
(34, 'Macht alles außer Unterricht'),
(35, 'Übermotiviert'),
(36, 'Schülerschreck'),
(37, 'Mathegötter (der/die beste Mathelehrer/in)'),
(38, 'Falscher Beruf'),
(39, 'Größte Sauklaue'),
(40, 'Lehrerbuddies'),
(41, 'Lebt den Beruf'),
(42, 'Unvergesslich');

-- --------------------------------------------------------

--
-- Tabellenstruktur für Tabelle `mottos`
--

CREATE TABLE `mottos` (
  `id` bigint(20) NOT NULL,
  `name` varchar(255) DEFAULT NULL,
  `votes` int(11) DEFAULT NULL
) ENGINE=InnoDB DEFAULT CHARSET=latin1;

--
-- Daten für Tabelle `mottos`
--

INSERT INTO `mottos` (`id`, `name`, `votes`) VALUES
(1, 'CannABIs - wir haben es durchgezogen!', 0),
(2, 'ABI 2,010 ‰ - Meist dichter als Denker', 0),
(3, 'KABItän Blaubär - Immer blau und trotzdem schlau', 0),
(4, 'HABI Potter - Wir verlassen die Kammer des Schreckens', 0),
(5, 'A BItch - Für einen Punkt tue ich alles!', 6),
(6, 'ABIthur - Wenn das Elite von die Gymnahsium gehen tut', 0),
(7, 'LABIrinth - Planlos zum Ziel', 0),
(8, 'ABIcrombie & Fitch - Models gehen, Elche bleiben (Abercrombie & Fitch)', 0),
(9, 'SemipermeABIlität - Nur die Besten kommen durch', 0),
(10, 'KohlrABI - Wir machen uns vom Acker', 0),
(11, 'ABIgasmus - Aber das war nur das Vorspiel', 0);

-- --------------------------------------------------------

--
-- Tabellenstruktur für Tabelle `possible_candidates`
--

CREATE TABLE `possible_candidates` (
  `id` bigint(20) NOT NULL,
  `name` varchar(255) DEFAULT NULL,
  `votes` int(11) NOT NULL,
  `category_id` bigint(20) DEFAULT NULL
) ENGINE=InnoDB DEFAULT CHARSET=latin1;

--
-- Daten für Tabelle `possible_candidates`
--

INSERT INTO `possible_candidates` (`id`, `name`, `votes`, `category_id`) VALUES
(43, 'Jerome Laukamp', 12, 2),
(44, 'Linnea Paulukuhn', 2, 3),
(45, 'Marie Pütter', 14, 4),
(47, 'Moritz Liebisch', 24, 7),
(48, 'Emma Sprenger und Gabriel Schacht', 3, 8),
(49, 'Laura König', 4, 9),
(50, 'Evelyn Hofmann', 13, 13),
(51, 'Jan Schliekmann', 19, 16),
(52, 'Evelyn Hofmann', 21, 17),
(53, 'Marie Pütter', 3, 18),
(54, 'Manon Schroff', 3, 19),
(55, 'Romyna Gurny', 7, 20),
(56, 'Katharina Schmitz', 12, 21),
(57, 'Antonia Eigemann', 11, 24),
(58, 'Meret Faß', 1, 25),
(60, 'Marie Scheidung', 6, 28),
(61, 'Emma Sprenger', 10, 30),
(62, 'Jan Schliekmann', 10, 31),
(63, 'Frau Reiss', 6, 34),
(64, 'Frau Müller', 22, 35),
(65, 'Herr Krauskopf', 18, 36),
(66, 'Herr Klag', 22, 37),
(67, 'Herr Heining', 2, 38),
(68, 'Herr Heisig', 8, 39),
(70, 'Frau Müller', 18, 41),
(71, 'Frau Müller', 7, 42),
(78, 'Manon', 2, 11),
(83, 'Manon', 4, 19),
(84, 'Marie scheidung', 3, 20),
(86, 'Marie scheidung', 13, 25),
(89, 'Justus bösken', 1, 32),
(93, 'Frau Neumann ', 2, 38),
(94, 'Christian Beutel', 5, 2),
(95, 'Katharina Schmitz', 4, 3),
(96, 'Luzi Weichert', 2, 4),
(97, 'Justin Kauschke ', 2, 6),
(98, 'Jerome Laukamp ', 24, 7),
(100, 'Delia Schmitz', 21, 9),
(101, 'Moritz Liebisch', 7, 10),
(103, 'Luzi Weichert', 3, 13),
(104, 'Jerome laukamp ', 12, 14),
(105, 'Moritz Liebisch', 20, 16),
(107, 'Melina Kascha', 1, 19),
(109, 'Christian Beutel ', 9, 24),
(110, 'Katharina Schmitz', 2, 25),
(111, 'Jan Hövel ', 5, 27),
(112, 'Herr Koopmann ', 3, 35),
(113, 'Herr Herrmann', 23, 37),
(114, 'Herr Krauskopf ', 5, 38),
(115, 'Frau Meyering ', 4, 42),
(116, 'Kira Winzen', 2, 3),
(117, 'Laura König', 8, 4),
(120, 'Ben Schwarz', 2, 7),
(121, 'Jennifer und Victor', 5, 8),
(123, 'Julius', 1, 12),
(124, 'Amelie Laake', 3, 13),
(126, 'Simon', 1, 19),
(127, 'Louise', 1, 20),
(128, 'Johanna Böckmann', 2, 21),
(129, 'Jerome', 6, 23),
(132, 'Leonie Wallusch', 2, 26),
(133, 'Julius', 1, 27),
(134, 'Delia', 5, 28),
(135, 'Jerome', 31, 29),
(138, 'Frau Meier', 14, 34),
(139, 'Herr Heining ', 9, 37),
(140, 'Herr Heining ', 3, 39),
(141, 'Alexander Schwab', 1, 2),
(143, 'Meret', 21, 4),
(144, 'Simon Bussmann', 3, 5),
(145, 'Jan Niklas', 1, 6),
(149, 'Delia', 1, 11),
(150, 'Simon Bussmann', 17, 12),
(151, 'Romyna', 1, 13),
(152, 'Marwa', 3, 16),
(154, 'Laura König', 4, 20),
(159, 'Godwin', 1, 29),
(162, 'Herr Nolte', 10, 33),
(163, 'Herr Nolte', 9, 34),
(164, 'Bietenbeck', 1, 35),
(168, 'Herr Dierks', 3, 41),
(172, 'Evelyn ', 1, 6),
(175, 'Evelyn ', 7, 19),
(176, 'Aysegül ', 2, 20),
(179, 'Evelyn ', 2, 30),
(180, 'Frau Kahlert ', 6, 33),
(181, 'Herr Kuster ', 3, 34),
(182, 'Frau Adams ', 3, 35),
(183, 'Frau Reiss', 7, 36),
(184, 'Frau Kahlert ', 10, 38),
(187, 'Luise ', 1, 9),
(192, 'Frau Klein', 13, 36),
(193, 'Frau Dietz', 6, 37),
(194, 'Herr Koopmann und Herr Liesegang', 44, 40),
(195, 'Frau Sokolowski', 5, 41),
(196, 'Jan Schliekmann', 3, 1),
(197, 'Ben Schwarz', 5, 2),
(199, 'Ben Schwarz', 4, 5),
(200, 'moritz weihnacht', 1, 9),
(201, 'Julius Preußer', 1, 10),
(202, 'Moritz Weihnacht', 4, 12),
(204, 'Romyna Gurny', 1, 15),
(205, 'Anna Wilmschen', 7, 16),
(206, 'Emma Sprenger ', 1, 17),
(207, 'Jan Hövel', 2, 19),
(208, 'Annika Koch', 5, 20),
(209, 'Romyna Gruny', 1, 21),
(210, 'hendrik pierlo', 1, 23),
(211, 'Robin Heldt', 11, 24),
(212, 'Mara Spicker', 2, 25),
(213, 'Mara Spicker', 2, 26),
(214, 'Anna Feldmann', 11, 27),
(216, 'Manon Schroff', 10, 32),
(217, 'Frau Adams', 5, 33),
(218, 'Herr Schattenberg', 10, 35),
(219, 'Frau Grade', 1, 36),
(220, 'Herr Schattenberg', 9, 39),
(222, 'Herr Schattenberg', 2, 41),
(223, 'Herr Schattenberg', 2, 42),
(224, 'Christian pickard', 1, 1),
(226, 'romyna gurny', 1, 11),
(228, 'alina fünderich', 1, 14),
(232, 'joline gilles', 1, 23),
(233, 'ben schwarz', 8, 24),
(234, 'annika koch', 2, 25),
(235, 'Simon Bussmann', 1, 26),
(236, 'ben schwarz', 3, 28),
(237, 'romyna gurny', 2, 30),
(238, 'julius preußer', 2, 31),
(241, 'Herr Meschendörfer', 2, 39),
(243, 'Herr heining', 3, 41),
(245, 'Melina Kascha', 3, 1),
(251, 'Johanna ', 4, 12),
(253, 'Nico Lipinski', 10, 14),
(254, 'Katharina ', 1, 15),
(255, 'Delia', 3, 17),
(256, 'Hamza', 1, 18),
(257, 'Lilly Ventzke', 1, 19),
(258, 'Lilly Ventzke', 1, 20),
(259, 'Linnea ', 1, 21),
(261, 'Nicolas', 2, 23),
(262, 'Simon Bussmann', 3, 24),
(264, 'Noemi', 1, 26),
(267, 'Delia', 2, 32),
(269, 'Frau Schlossarek', 5, 34),
(270, 'Herr Niemeier', 11, 37),
(271, 'Frau Petrovic', 1, 38),
(272, 'Herr Klümper', 5, 39),
(274, 'Herr Nolte', 5, 42),
(275, 'Christian Beutel ', 2, 3),
(278, 'Delia Schmitz ', 6, 4),
(279, 'Jerome Laukamp ', 30, 6),
(280, 'Anessa ', 1, 17),
(281, 'Frau Skorwider ', 2, 33),
(282, 'Frau Romberg ', 1, 34),
(283, 'Frau Romberg ', 2, 36),
(284, 'Frau Romberg ', 7, 38),
(285, 'Frau Grade ', 1, 39),
(287, 'Frau Grade', 7, 41),
(288, 'Janni', 1, 1),
(290, 'Jerome ', 1, 3),
(297, 'Nico scholzen ', 2, 13),
(300, 'Emma sprenger', 1, 19),
(301, 'Antonia Eigemann ', 2, 20),
(302, 'Clemens Spoo ', 7, 21),
(304, 'Jan ', 2, 23),
(305, 'Clemens Spoo ', 1, 26),
(307, 'Antonia Eigemann ', 4, 30),
(309, 'Frau Reiss', 7, 33),
(320, 'Lana', 1, 3),
(321, 'Manon', 1, 5),
(324, 'Sören ', 1, 9),
(325, 'Sören ', 1, 12),
(328, 'Antonia ', 2, 15),
(331, 'Ben ', 1, 18),
(332, 'Mara Blanke ', 2, 20),
(333, 'Ben ', 2, 21),
(334, 'Helena Zeynep ', 1, 22),
(336, 'Julia Müller ', 2, 24),
(337, 'Laura König ', 3, 25),
(338, 'Delia ', 1, 26),
(339, 'Paula Hain ', 1, 27),
(340, 'Clemens ', 1, 28),
(341, 'Evelyn ', 1, 29),
(342, 'Anesa ', 3, 30),
(344, 'Lily Schmitdke', 5, 32),
(346, 'Evers ', 1, 36),
(348, 'Herr Weber ', 1, 38),
(350, 'Herr rennert Herr Watkins ', 1, 40),
(352, 'Herr Neumann', 2, 42),
(355, 'Greta und Lars', 2, 8),
(356, 'Greta', 1, 9),
(357, 'Niklas Klaffki', 2, 10),
(358, 'Simon Bussmann', 4, 11),
(359, 'Greta', 2, 20),
(361, 'Greta', 1, 28),
(362, 'Moritz W.', 1, 29),
(363, 'Greta', 1, 30),
(371, 'Burak Kulac', 6, 2),
(372, 'Marie Scheidung', 1, 3),
(373, 'Marie Scheidung', 4, 4),
(374, 'Felix Kirsten', 2, 5),
(375, 'Laurin Severith ', 1, 6),
(377, 'Amelie Laake ', 2, 19),
(378, 'Jan Schliekmann ', 1, 23),
(379, 'Milo', 1, 24),
(380, 'Jerome Laukamp', 6, 25),
(381, 'Anna Wilmschen', 1, 27),
(383, 'Ben Schwarz', 4, 31),
(384, 'Herr Kisters', 2, 33),
(385, 'Herr Kisters ', 4, 34),
(386, 'Frau Meyering und Frau Milde', 4, 40),
(387, 'Herr Koopmann', 4, 42),
(388, 'Alexander Kupillas', 1, 1),
(389, 'Alexander Neumann', 2, 2),
(393, 'Noelia', 1, 10),
(396, 'Manon Schroff', 4, 13),
(397, 'Alexander Neumann', 4, 14),
(398, 'Jerome Laukamp', 7, 16),
(400, 'Justus Bösken', 2, 18),
(401, 'Simon Bussmann', 15, 19),
(402, 'Moritz Weihnacht', 2, 21),
(403, 'Joline und Julia', 1, 22),
(404, 'Simon Bussmann', 4, 23),
(405, 'Simon Bußmann', 1, 25),
(409, 'Robin Heldt', 2, 31),
(410, 'Dilan', 1, 32),
(411, 'Herr Heining', 4, 35),
(413, 'Herr Rennert', 2, 41),
(414, 'Elsa', 2, 1),
(417, 'Leonie W.', 1, 10),
(419, 'Leon V.', 1, 13),
(420, 'Evelyn', 1, 14),
(422, 'Negar', 1, 16),
(423, 'Greta', 6, 17),
(425, 'Elsa', 1, 20),
(428, 'Karolina ', 1, 26),
(429, 'Jerome', 1, 27),
(430, 'Laura K.', 1, 28),
(431, 'Maya L.', 1, 30),
(433, 'Laura R.', 1, 32),
(434, 'Herr Mecklenburg', 1, 35),
(435, 'Frau Schlüter', 2, 36),
(436, 'Frau Schlüter', 6, 38),
(437, 'Frau Schlossarek', 2, 39),
(438, 'Frau Monreal', 1, 41),
(439, 'Herr Rennert', 3, 42),
(440, 'Isabell', 3, 12),
(442, 'Frau Meier ', 1, 33),
(443, 'Herr Rennert ', 4, 34),
(445, 'Frau Schroer ', 2, 38),
(446, 'Gerrit Schulz', 2, 1),
(447, 'Robin Heldt', 2, 2),
(448, 'Sven Mittmann', 7, 3),
(449, 'Laura König', 2, 5),
(451, 'Julia Lener ', 1, 9),
(452, 'Elsa', 1, 10),
(453, 'Dušanka Djukanovic', 1, 11),
(455, 'Laura Kurreck', 2, 13),
(457, 'Charlotte Schirmer', 1, 15),
(458, 'Luzi Weichert', 4, 17),
(460, 'Simon Berger', 2, 21),
(462, 'Lana Peric', 1, 23),
(463, 'Emma Sprenger', 3, 24),
(464, 'Sean McCormeck Silex', 2, 26),
(465, 'Jolan Gerritzen ', 26, 27),
(466, 'Jolan Gerritzen', 7, 28),
(467, 'Inge Delia Dorothea', 1, 29),
(468, 'Meter Fass', 2, 30),
(469, 'Clemens Spoo', 5, 31),
(470, 'Luzi Weichert', 4, 32),
(471, 'Herr Heße ', 2, 36),
(472, 'Frau Monreal ', 1, 38),
(473, 'Herr Heße', 3, 41),
(474, 'Herr Heße', 7, 42),
(475, 'Leonie Wallusch', 1, 1),
(477, 'Joline G.', 1, 20),
(478, 'Moritz Weihnacht', 1, 24),
(479, 'Johanna B.', 1, 25),
(480, 'Frau Schlossareck', 1, 33),
(483, 'Frau Meyer', 1, 38),
(484, 'Frau Klein', 3, 41),
(485, 'Nikika Lauff', 1, 1),
(486, 'Lavinia Schmitz', 1, 2),
(487, 'Lavinia Schmitz', 1, 4),
(488, 'Ioannis Börner', 1, 5),
(489, 'Moritz Weihnacht', 1, 6),
(490, 'Lavinia Schmitz ', 2, 9),
(491, 'Timo Otto', 1, 11),
(492, 'Lavinia Schmitz ', 5, 12),
(493, 'Timo Otto ', 2, 13),
(496, 'Lavinia Schmitz ', 2, 19),
(497, 'Lavinia Schmitz ', 1, 28),
(501, 'Simon Bussmann', 2, 2),
(502, 'Meret Fass', 7, 3),
(503, 'Burak', 1, 4),
(504, 'Delia ', 1, 5),
(506, 'Julia ', 1, 10),
(507, 'Marie Pütter', 1, 11),
(508, 'Greta ', 2, 12),
(510, 'Julia Müller ', 3, 15),
(511, 'Charlotta tückmantel ', 1, 20),
(512, 'Burak', 1, 21),
(513, 'Mery, Malin, Dilan', 1, 22),
(514, 'Moritz liebisch ', 5, 23),
(515, 'Greta bentgens ', 7, 25),
(516, 'Jennifer ', 1, 26),
(517, 'Herr voss', 1, 35),
(518, 'Frau Reiss', 13, 38),
(519, 'Herr heße ', 6, 39),
(520, 'Liesegang, Kopmann ', 1, 40),
(521, 'Herr Schirra ', 6, 41),
(522, 'Cedric', 3, 1),
(523, 'Amelie Laake', 4, 3),
(525, 'Moritz Liebisch', 6, 5),
(526, 'Justin Kauschke', 4, 7),
(528, 'Justin Kauschke', 6, 10),
(529, 'Amelie Laake', 1, 11),
(531, 'Lena Schlayer', 2, 13),
(533, 'Ben Schwarz', 3, 15),
(535, 'Laura Rüttershoff', 2, 18),
(536, 'Luise Lu', 5, 21),
(537, 'Laura K., Johanna B., Delia S.', 1, 22),
(538, 'Dilan Öztürk', 6, 24),
(539, 'Katharina Schmitz', 3, 26),
(541, 'Katharina Schmitz', 2, 28),
(542, 'Moritz Liebisch', 16, 29),
(543, 'Carlotta Tückmantel', 3, 30),
(544, 'Jerome Laukamp', 1, 31),
(545, 'Greta Bentgens', 3, 32),
(546, 'Herr Koopmann', 4, 39),
(548, 'Frau Haustein', 1, 41),
(549, 'Frau Haustein', 1, 42),
(550, 'Romyna ', 1, 1),
(551, 'Christian Beutel ', 4, 4),
(552, 'Marie Scheidung ', 1, 9),
(555, 'Annika koch ', 1, 13),
(557, 'Christian Beutel ', 4, 18),
(558, 'Jerome ', 1, 19),
(559, 'Christian Beutel ', 1, 20),
(560, 'Paul Nowack', 1, 21),
(561, 'Gabriel,Tim,Christian Beutel', 1, 22),
(562, 'Christian Beutel ', 3, 25),
(564, 'Tim Krichel', 8, 27),
(565, 'Tim Krichel', 3, 28),
(567, 'Tim Krichel ', 3, 31),
(568, 'Gabriel Schacht ', 1, 32),
(571, 'Herr Frings', 2, 36),
(574, 'Herr Buchmüller ', 2, 42),
(575, 'Lewis Lehner', 2, 1),
(576, 'Simon H. ', 1, 3),
(578, 'Simon H.', 1, 6),
(580, 'Laura R.', 1, 9),
(582, 'Laura R.', 1, 12),
(586, 'Elsa', 2, 16),
(588, 'Carlotta', 3, 20),
(589, 'Maike', 2, 21),
(590, 'Lena und Laura ', 1, 22),
(593, 'Philip', 1, 26),
(595, 'Laura R.', 2, 28),
(599, 'Fr. Meier ', 1, 33),
(608, 'Mara', 1, 19),
(614, 'Eray', 2, 5),
(618, 'Zeynep', 1, 13),
(620, 'Eray', 1, 18),
(621, 'Eray', 1, 20),
(622, 'Alessio', 1, 21),
(623, 'Jerome Moritz ', 8, 22),
(624, 'Helena', 1, 26),
(625, 'Eray', 1, 31),
(626, 'Frau Kahlert', 3, 33),
(627, 'Stahlmann', 1, 34),
(632, 'Rahrbach sander', 1, 39),
(637, 'Daria', 1, 2),
(639, 'Marie Scheidung ', 1, 5),
(641, 'Luzi', 3, 9),
(642, 'Lilly Schmidtke ', 1, 11),
(644, 'Melinda ', 2, 15),
(645, 'Leonie Wallusch ', 4, 18),
(646, 'Luzi Weichert ', 1, 19),
(647, 'Lilly Schmidtke ', 1, 20),
(649, 'Anna und Lilly ', 2, 22),
(650, 'Anna Wilmschen', 1, 23),
(652, 'Maximilian Sommer ', 1, 27),
(653, 'Lilly Schmidtke ', 1, 28),
(656, 'Herr Voß', 3, 33),
(659, 'Rennert und Schubert ', 2, 40),
(662, 'Jan Hövel', 1, 1),
(663, 'Manon Schroff', 2, 2),
(664, 'Isabell', 1, 3),
(665, 'Ben Schwarz', 1, 4),
(667, 'Felix Kirsten ', 1, 9),
(668, 'Moritz Weihnacht', 1, 10),
(672, 'Jerome Laukamp', 16, 15),
(676, 'Simon Bussmann, Manon Schroff, Evelyn', 1, 19),
(677, 'Lavinia,  Manon ', 1, 20),
(679, 'Katha und Linnea', 1, 22),
(682, 'Nico Schulzen', 1, 25),
(685, 'Felix Kirsten ', 2, 28),
(687, 'Lavinia', 1, 30),
(697, 'Herr Herrmann', 3, 41),
(700, 'Greta', 1, 2),
(701, 'Lena Görich', 1, 4),
(703, 'Evelyn Hofmann', 1, 11),
(704, 'Anesa Cavcic', 3, 13),
(705, 'Amelie David', 1, 15),
(706, 'Antonia Eigemann', 5, 17),
(708, 'Luise Lu', 1, 20),
(709, 'Amelie David', 1, 21),
(710, 'Lena Görich + Yara Müser', 1, 22),
(712, 'Lena Schleyer', 1, 26),
(713, 'Luzi Weichert', 1, 28),
(714, 'Marie Scheidung', 6, 30),
(715, 'Victor Kock Sanchez', 1, 31),
(716, 'Melinda Hirschelmann', 10, 32),
(722, 'Emma Sprenger', 1, 13),
(723, 'Kira', 3, 15),
(724, 'Maya', 1, 16),
(726, 'Delia', 1, 19),
(727, 'Joline', 1, 20),
(728, 'Ben und Nils', 1, 22),
(729, 'Simon Stavroulakis', 1, 26),
(731, 'Leon Borgerding', 2, 31),
(732, 'Frau Dr. Kleine', 1, 34),
(733, 'Herr Heisig-Pitzen', 7, 35),
(734, 'Herr Klag', 4, 41),
(735, 'Yarkin', 1, 1),
(736, 'Dusanka', 1, 5),
(737, 'Shaun', 1, 11),
(738, 'Annika Lieblang', 1, 12),
(740, 'Lewis Lehner', 1, 15),
(741, 'Laura R, Lena S', 1, 22),
(743, 'Luise Lu', 2, 26),
(744, 'Laura Rüttershoff', 1, 30),
(745, 'Frau Hennemann', 2, 38),
(747, 'Antonia', 2, 2),
(748, 'Burak', 1, 3),
(749, 'Luise', 1, 5),
(750, 'Dušanka ', 1, 9),
(751, 'Jan', 1, 12),
(752, 'Jan Hövel', 2, 15),
(753, 'Burak', 9, 18),
(754, 'Jennifer ', 1, 20),
(755, 'Jennifer', 1, 21),
(756, 'Jennifer und Pia', 1, 22),
(758, 'Carlotta', 1, 26),
(760, 'Philipp', 1, 31),
(761, 'Petrovic', 2, 33),
(762, 'Tenbusch', 1, 34),
(766, 'Tenbusch und Rennert', 1, 40),
(767, 'Frau Tenbusch ', 1, 42),
(768, 'Lili Schweitzer', 4, 1),
(769, 'Justin Kauschke', 6, 2),
(770, 'Justus Bösken', 8, 5),
(771, 'Burak Kulac', 35, 6),
(773, 'Jerome Laukamp', 10, 10),
(774, 'Leonie Wallusch', 4, 11),
(776, 'Jan Schliekmann', 1, 14),
(777, 'Justin Kauschke', 3, 15),
(778, 'Julius Preußer', 2, 16),
(779, 'Manon Schroff', 12, 17),
(780, 'Antonia Eigemann', 4, 19),
(781, 'Emma Sprenger', 1, 20),
(782, 'Katharina Schmitz Linnea Paulukuhn', 6, 22),
(783, 'Maya Springstein', 1, 23),
(784, 'Delia Schmitz', 9, 25),
(785, 'Laurin Severith', 4, 26),
(786, 'Nico Scholzen', 2, 31),
(787, 'Herr Heisig-Pitzen', 6, 33),
(788, 'Herr Heisig', 1, 36),
(789, 'Herr Petering', 2, 39),
(791, 'Herr Petering', 3, 41),
(792, 'Frau Milde', 2, 42),
(793, 'Sven Mittmann', 3, 2),
(794, 'Delia Schmitz ', 9, 12),
(795, 'Nicolas Cunha', 8, 21),
(796, 'Luis Erpenbach', 1, 24),
(797, 'Nicolas Cunha', 7, 25),
(798, 'Herr Liesegang ', 5, 34),
(799, 'Herr Niemeier', 1, 35),
(800, 'Herr Bollhorst', 1, 39),
(802, 'Leonie Wallusch', 3, 2),
(803, 'Amelie Laake', 2, 4),
(804, 'Isabelle Schneider + Moritz Weihnacht', 7, 8),
(808, 'Laura Rüttershoff', 3, 15),
(809, 'Christian Pickart', 2, 16),
(810, 'Leonie Wallusch', 2, 19),
(811, 'Anesa', 2, 20),
(812, 'Simon Bussmann', 3, 21),
(814, 'Laura Kurreck', 2, 24),
(815, 'Laura Rüttershoff', 2, 25),
(816, 'Niklas Gröger', 2, 26),
(817, 'Christian Beutel', 6, 31),
(819, 'Herr Neunzig', 3, 36),
(820, 'Heining, Liesegang, Koopmann', 2, 40),
(821, 'Herr Meschendörfer ', 3, 42),
(822, 'Tim Müller ', 1, 1),
(823, 'Hendrik Herffs', 4, 3),
(825, 'Chiara', 1, 13),
(826, 'Simon Bussmann', 2, 14),
(829, 'Chiara ', 2, 20),
(830, 'Ben Maas', 2, 23),
(831, 'Leon Borgerding ', 4, 24),
(832, 'Simon Berger ', 1, 25),
(833, 'Tim Zentzis ', 1, 26),
(837, 'Max So.', 1, 32),
(838, 'Hr. Klag', 1, 33),
(843, 'Herr Nolte ', 1, 39),
(845, 'Frau Meyering', 1, 41),
(846, 'Frau Grade ', 2, 42),
(847, 'Eray Arici', 1, 1),
(849, 'Nico Hahn', 7, 3),
(850, 'Katharina Schmitz', 1, 4),
(851, 'Burak Kulac', 12, 5),
(852, 'Eray Arici', 2, 7),
(854, 'Christian Pickardt', 1, 10),
(855, 'Sean McCormick-Silex', 7, 11),
(856, 'Mara Blanke', 1, 13),
(857, 'Luca Urbanczyk', 1, 14),
(858, 'Luca Urbanczyk', 1, 17),
(859, 'Nikita Lauf', 1, 19),
(860, 'Christian Pickardt', 1, 20),
(861, 'Tim Müller', 1, 23),
(862, 'Justus Bösken', 4, 24),
(863, 'Christian Pickardt', 1, 26),
(864, 'Christian Pickardt', 2, 29),
(865, 'Christian Pickardt', 1, 32),
(866, 'Frau Gehlen', 3, 33),
(867, 'Herr Watkins', 6, 35),
(868, 'Frau Gehlen', 4, 38),
(869, 'Frau Gehlen', 1, 39),
(871, 'Luca Urbancyzk', 1, 30),
(872, 'Hamza Hasoumi', 1, 2),
(873, 'Sean McCormick-Silex', 1, 4),
(874, 'Sean McCormick-Silex', 2, 9),
(875, 'Nico Lipinski', 1, 11),
(876, 'Lukas Corell', 4, 12),
(877, 'Tim Müller', 2, 14),
(878, 'Nouel Verberkt', 3, 15),
(879, 'Christian Pickardt', 6, 23),
(880, 'Hamza Hasoumi', 1, 25),
(881, 'Christian Pickardt', 1, 28),
(882, 'Christian Pickardt', 2, 31),
(883, 'Herr Schirra', 2, 35),
(884, 'Herr Kisters', 1, 42),
(886, 'Moritz Weihnacht', 3, 1),
(887, 'Milo Lehnen', 1, 2),
(888, 'Nico Lipinski', 2, 3),
(892, 'Isabelle Schneider', 2, 9),
(893, 'Gerrit Schulz', 1, 10),
(894, 'Sven Mittmann', 1, 11),
(896, 'Simon Bußmann', 1, 13),
(898, 'Luca van den Boom', 1, 19),
(900, 'Leone Wittman, Lilly Ventzke', 1, 22),
(902, 'Leony  Wallusch', 1, 24),
(903, 'Luise Lu', 2, 25),
(904, 'Gerrit Schulz', 1, 26),
(905, 'Yarkin', 1, 29),
(906, 'Herr Watkins', 1, 33),
(907, 'Herr Verhoeven', 1, 34),
(908, 'Herr Otto', 1, 35),
(910, 'Frau Sokolowski ', 5, 37),
(911, 'Frau Stolte', 1, 38),
(912, 'Herr Watkins', 1, 39),
(915, 'Frau Sokolowski ', 2, 42),
(916, 'Robin', 2, 1),
(921, 'Phillip Heckhoff', 7, 14),
(922, 'Jolan', 2, 15),
(923, 'Aysegül', 1, 16),
(925, 'Paula May', 1, 19),
(926, 'Dusanka', 2, 20),
(928, 'Lavinia', 2, 29),
(929, 'Noemi ', 2, 30),
(933, 'Frau Neumann & Frau Petrovic & Frau Meier', 1, 40),
(938, 'Patrick preuß', 9, 10),
(940, 'Dilan', 1, 19),
(945, 'Frau Tenbusch', 1, 41),
(949, 'Sven Mittmann ', 1, 6),
(951, 'Yarkin', 1, 14),
(952, 'Phillip heckhoff', 1, 15),
(953, 'Lavinia ', 1, 26),
(954, 'Justus', 1, 28),
(957, 'Herr Dierks ', 3, 42),
(958, 'Justus Bösken', 5, 2),
(959, 'Antonia Eigemann', 1, 3),
(960, 'Justus Bösken', 1, 6),
(962, 'Mara Spicker', 1, 9),
(963, 'Justus Bösken', 1, 11),
(965, 'Emma', 1, 20),
(968, 'Lilly Ventzke', 2, 30),
(970, 'Herr Koopmann', 6, 34),
(971, 'Frau Sokolwski', 1, 35),
(973, 'Herr Verhoeven', 2, 41),
(976, 'Zeynep', 1, 9),
(977, 'Zeynep', 1, 11),
(978, 'Ben Schwarz', 1, 14),
(979, 'Mina Ercan', 1, 16),
(980, 'Lorena ', 1, 19),
(982, 'Malo und Philipp', 1, 22),
(983, 'Julius Preußer ', 4, 23),
(984, 'Julius Preußer ', 4, 24),
(985, 'Zeynep', 1, 25),
(987, 'Leon Viktora', 1, 27),
(988, 'Nico Scholzen ', 1, 28),
(989, 'Frau Grade', 4, 35),
(991, 'Herr Petering', 2, 42),
(992, 'Simon Bussmann', 4, 1),
(993, 'Mery Stern', 1, 3),
(995, 'nein', 1, 7),
(996, 'Mery Stern + Taycan Deniz Arslan', 1, 8),
(997, 'Mathieu Frederick Müller', 1, 9),
(1003, 'Lucas Corell', 1, 18),
(1010, 'Umut Patir ', 2, 27),
(1011, 'Taycan Deniz Arslan', 1, 30),
(1012, 'Mery Stern ', 1, 31),
(1013, 'Frau Voss ', 1, 33),
(1015, 'romberg ', 1, 39),
(1016, 'Herr Rücker', 3, 42),
(1017, 'Malo Soulier', 1, 3),
(1018, 'Zeynep Efe', 2, 4),
(1019, 'Knacki', 1, 7),
(1020, 'Leon Viktora + Luise Lu', 5, 8),
(1021, 'Nicolas Cunha', 2, 9),
(1022, 'Burak Kulac', 13, 11),
(1023, 'Burak Kulac', 3, 13),
(1024, 'Patrick Preuß', 5, 15),
(1026, 'Taycan Arslan', 2, 17),
(1027, 'Lukas Corell', 3, 18),
(1029, 'Malo Soulier', 3, 23),
(1030, 'Malo Soulier', 2, 24),
(1031, 'Nicolas Cunha', 2, 28),
(1032, 'Zeynep Efe', 7, 30),
(1033, 'Malo Soulier', 3, 31),
(1034, 'Frau Dr Kleine', 2, 33),
(1035, 'Frau Skorwider', 2, 34),
(1036, 'Frau Haustein', 9, 38),
(1038, 'Laura Rüttershof', 3, 5),
(1040, 'Laura Rüttershof', 1, 15),
(1041, 'Noelia', 1, 16),
(1042, 'Lena Schlayer', 1, 20),
(1043, 'Frau Hennemann', 1, 33),
(1044, 'Frau Hennemann', 1, 34),
(1045, 'Lavinia', 1, 1),
(1047, 'Moritz w', 1, 7),
(1049, 'Julian ', 1, 9),
(1052, 'Ben schwarz', 1, 13),
(1054, 'Eray', 1, 15),
(1056, 'Tim m', 1, 18),
(1057, 'Nicolas', 1, 19),
(1058, 'Gerrit', 1, 21),
(1059, 'Simon b / philip', 1, 22),
(1063, 'Simon Bussmann', 3, 28),
(1066, 'Romberg', 1, 33),
(1067, 'Herr Voß', 1, 34),
(1068, 'Sokolowski', 1, 35),
(1074, 'Herr Liesegang ', 3, 42),
(1075, 'Moritz liebisch ', 5, 2),
(1077, 'Jerome laukamp', 7, 5),
(1078, 'Yarkin kulaksis', 1, 6),
(1079, 'Trunk', 1, 9),
(1080, 'Melina ', 1, 10),
(1081, 'Jerome laukamp ', 13, 11),
(1083, 'Yarkin kulacksiz ', 2, 15),
(1084, 'Moritz Weihnacht ', 1, 18),
(1085, 'Yarkin kulacksiz ', 1, 19),
(1086, 'Lena göhrlich ', 1, 20),
(1087, 'Jerome laukamp ', 2, 21),
(1090, 'Paula haub ', 2, 27),
(1091, 'Lena göhrlich ', 1, 30),
(1092, 'Annika Lieblanng ', 1, 32),
(1098, 'Herr Neunzig ', 1, 42),
(1099, 'Manon Schroff ', 5, 3),
(1100, 'Niemand ', 1, 6),
(1101, 'Lorena und Jonas ', 3, 8),
(1102, 'Yarkin', 1, 12),
(1104, 'Justin', 1, 14),
(1105, 'Julius', 1, 15),
(1107, 'Mara Spicker', 1, 21),
(1108, 'Aysegül', 2, 23),
(1109, 'Aysegül', 1, 24),
(1110, 'Jan Hövel', 1, 25),
(1111, 'Eray', 1, 26),
(1112, 'Jan Schlieckmann', 2, 28),
(1114, 'Helena Neukirch ', 1, 32),
(1115, 'Rahrbach Sander ', 1, 33),
(1116, 'Frau Tenbusch ', 1, 34),
(1117, 'Frau Haustein', 1, 35),
(1119, 'Herr Niemeier', 1, 41),
(1120, 'Simon Stavroulakis', 2, 1),
(1121, 'Sean McCormick-Silex', 1, 3),
(1122, 'Lukas Corell', 1, 4),
(1123, 'Christian Beutel + Romyna Gurny', 13, 8),
(1124, 'Cedric Damerow', 3, 9),
(1125, 'Cedric Damerow', 1, 11),
(1126, 'Marwa Nafouti', 1, 16),
(1127, 'Joline Hackstein', 1, 20),
(1129, 'Nico Lipinski, Jan Strohhäusl, Nouel Verberkt', 1, 22),
(1130, 'Nouel Verberkt', 4, 23),
(1132, 'Burak Kulac', 1, 25),
(1133, 'Burak Kulac', 1, 26),
(1134, 'Anesa Cavcic', 1, 27),
(1135, 'Christian Beutel', 1, 28),
(1136, 'Evelyn Hofmann', 7, 32),
(1137, 'Herr Petering', 4, 34),
(1138, 'Herr Buchmüller', 1, 35),
(1139, 'Frau Rahrbach-Sander', 4, 36),
(1141, 'Herr Buchmüller', 2, 41),
(1142, 'Herr Klümper', 1, 42),
(1143, 'Carlotta Tückmantel', 1, 3),
(1144, 'Lavinia', 3, 32),
(1145, 'Schatenberg', 1, 36),
(1147, 'Laurin Severin', 1, 1),
(1148, 'Lorena Garau', 1, 3),
(1151, 'Lorena garau ', 1, 18),
(1152, 'Lorena garau ', 1, 19),
(1153, 'Zeynep efe', 2, 20),
(1154, 'Lorena und Julius ', 1, 22),
(1155, 'Manon schroff ', 1, 27),
(1156, 'Delia ', 1, 29),
(1157, 'Laurin Severin ', 2, 31),
(1158, 'Frau Soko', 1, 39),
(1161, 'Herr Kuster ', 1, 42),
(1166, 'Moritz Liebisch und antonia Eigemann', 1, 8),
(1167, 'Johanna böckmann ', 3, 9),
(1168, 'Jan schlieckmann ', 2, 10),
(1170, 'Nico lipinski ', 1, 12),
(1171, 'Helena neukirch ', 4, 13),
(1172, 'Sean mc cartney sillex ', 6, 18),
(1176, 'Anna feldmann ', 2, 28),
(1178, 'Frau Haustein ', 5, 36),
(1179, 'Herr koopmann ', 2, 38),
(1180, 'Frau Dr. Kleine ', 1, 39),
(1183, 'Tim und Lilly', 1, 8),
(1184, 'Yarkin Kulaksis', 5, 10),
(1186, 'Lili Schweitzer ', 1, 13),
(1187, 'Tim Krichel ', 1, 15),
(1188, 'Lili Schweitzer ', 1, 19),
(1189, 'Lili Schweitzer ', 1, 20),
(1191, 'Alexander Kupillas ', 2, 26),
(1192, 'Lili Schweitzer ', 2, 30),
(1193, 'Moritz Liebisch ', 1, 31),
(1194, 'Herr Kuster ', 1, 39),
(1196, 'Herr Watkins ', 4, 41),
(1197, 'Frau Reiss', 1, 42),
(1198, 'Hendrik Pierlo', 1, 1),
(1199, 'Julia Müller', 1, 4),
(1200, 'Ben Schwarz', 1, 6),
(1201, 'Jolan Gerritzen und Paula May', 2, 8),
(1202, 'Gerrit Schulz', 1, 9),
(1203, 'Moritz Liebisch', 1, 11),
(1204, 'Matthias Karl', 1, 12),
(1205, 'Nouel Verberkt', 1, 14),
(1206, 'Lana Peric', 1, 17),
(1207, 'Luis Erpenbach', 5, 18),
(1208, 'Manon Schroff', 1, 20),
(1209, 'Oliver Palinsky', 1, 21),
(1210, 'Anh Trung Vo', 1, 26),
(1211, 'Luis Erpenbach', 4, 28),
(1212, 'Yara Müser', 2, 30),
(1213, 'Nico Lipinski', 1, 31),
(1215, 'Herr Heße', 1, 34),
(1216, 'Herr Weber', 1, 35),
(1217, 'Herr Liesegang', 1, 39),
(1219, 'Frau Evers', 1, 41),
(1220, 'Luca vdb ', 1, 1),
(1222, 'Evelyn ', 2, 12),
(1224, 'Felix Kirsten ', 1, 15),
(1225, 'Noemi ', 1, 20),
(1227, 'Justin Kauschke ', 1, 26),
(1229, 'Frau Müller ', 1, 36),
(1231, 'Nico Lipinski', 1, 1),
(1232, 'Isabelle Schneider ', 1, 4),
(1234, 'Hendrik Herffs', 2, 7),
(1238, 'Laura Rittershoff', 1, 13),
(1239, 'Justus Bösken', 1, 14),
(1241, 'Alina', 1, 16),
(1242, 'Viktor', 1, 18),
(1243, 'Sven/Moritz', 1, 22),
(1244, 'Sven Mittmann ', 1, 23),
(1245, 'Isabelle Schneider ', 1, 25),
(1246, 'Justus Bösken', 2, 26),
(1247, 'Moritz Liebisch', 1, 27),
(1248, 'Justus Bösken', 5, 29),
(1249, 'Sven Mittmann ', 1, 31),
(1250, 'Antonia Eigemann', 1, 32),
(1251, 'Herr Krauskopf', 2, 33),
(1252, 'Herr Liesegang ', 1, 35),
(1253, 'Frau Rahrbach-Sander', 2, 38),
(1255, 'Herr Stockamp', 1, 41),
(1257, 'Julia Müller', 3, 3),
(1259, 'Leonie Walusch', 4, 9),
(1260, 'Julius Preußer', 3, 13),
(1261, 'Lewis Lehner', 1, 14),
(1262, 'Meret', 1, 17),
(1264, 'Simon Hormes', 1, 19),
(1265, 'Hnedrik Herffs', 1, 20),
(1266, 'Lewis', 1, 23),
(1267, 'Laura Kurreck', 1, 25),
(1269, 'Burak Kulac', 2, 29),
(1271, 'Simon Hormes', 2, 31),
(1272, 'Maike', 1, 32),
(1273, 'Frau Müller', 1, 33),
(1274, 'Schirra', 1, 34),
(1278, 'Schirra', 1, 39),
(1280, 'Herr Koopmann', 2, 41),
(1283, 'Ioannis Börner', 1, 14),
(1284, 'Justus Bösken', 4, 15),
(1286, 'Paula Haub', 1, 19),
(1287, 'Hendrik Herffs', 2, 20),
(1289, 'Laurin Severith', 3, 25),
(1290, 'Lewis Lehner', 2, 26),
(1291, 'Luise Lu', 2, 28),
(1293, 'Paula Haub', 3, 32),
(1294, 'Frau Hausstein', 5, 33),
(1297, 'Frau Skorwider', 3, 37),
(1299, 'Philip Heckhoff', 1, 5),
(1301, 'Malo Soulier ', 1, 13),
(1302, 'Julia Müller ', 1, 19),
(1304, 'Trung Vo ', 1, 28),
(1305, 'Herr Koopmann', 1, 33),
(1306, 'Frau Richter', 1, 34),
(1307, 'Leon Viktora', 1, 3),
(1308, 'Laura Kureck', 1, 9),
(1309, 'Katharina Schmitz', 1, 12),
(1310, 'Ioannis Börner', 1, 18),
(1311, 'Chiara Welter', 5, 19),
(1312, 'Hendrik Herrfs', 1, 20),
(1313, 'Malo Soulier Simon Hormes', 1, 22),
(1315, 'Tim Krichel', 2, 25),
(1316, 'Mara Blanke', 1, 26),
(1317, 'Herr Neunzig', 1, 38),
(1318, 'Frau Reiss', 1, 39),
(1319, 'Herr Renert Herr Mecklenburg', 1, 40),
(1320, 'Herr Mecklenburg', 1, 42),
(1321, 'Patrick', 2, 1),
(1327, 'Hendrik', 1, 14),
(1329, 'Tim', 1, 17),
(1330, 'Lewis', 1, 24),
(1331, 'Gabriel ', 1, 3),
(1334, 'Katharina ', 1, 13),
(1335, 'Laurin', 1, 20),
(1339, 'Manon ', 1, 30),
(1340, 'Manon', 1, 31),
(1342, 'Herr Krauskopf ', 1, 39),
(1344, 'Cedric Damerow', 2, 21),
(1346, 'Fr. Evers und Hr. Neumann', 3, 40),
(1347, 'Herr Klümper', 1, 41),
(1348, 'Malin Kalnins', 2, 1),
(1349, 'Yarkin Kulaksiz', 4, 2),
(1350, 'Simon Busmann', 1, 4),
(1351, 'Sean', 1, 5),
(1354, 'Anna Siewert', 1, 11),
(1355, 'Sean', 1, 12),
(1356, 'Ben Schwarz', 1, 16),
(1357, 'Delia Schmitz', 4, 18),
(1358, 'Moritz Weihnacht', 1, 19),
(1359, 'Julia Müller', 2, 21),
(1361, 'Allessio ', 1, 23),
(1363, 'Anna Siewert', 1, 30),
(1365, 'Herr Petering', 2, 35),
(1366, 'Frau Tenbusch', 1, 38),
(1368, 'Herr Verhoeven', 2, 42),
(1370, 'Romyna ', 1, 3),
(1371, 'Noemi ', 1, 4),
(1374, 'Greta ', 1, 13),
(1375, 'Nicolas ', 1, 14),
(1377, 'Amelie Laake ', 3, 17),
(1378, 'Burak ', 1, 19),
(1379, 'Simon Hormes', 1, 20),
(1380, 'Marie Scheidung ', 1, 21),
(1381, 'Delia und Greta ', 1, 22),
(1384, 'Nicolas ', 1, 26),
(1385, 'Marie Scheidung ', 1, 27),
(1386, 'Leon Viktora ', 1, 29),
(1389, 'Mathieu ', 1, 32),
(1390, 'Herr Klümper ', 1, 35),
(1395, 'Leonie Wallusch', 1, 12),
(1400, 'Lewis Lehner', 1, 3),
(1401, 'Leon Viktora', 1, 7),
(1402, 'Lukas Corell', 3, 9),
(1403, 'Justus Bösken', 2, 10),
(1404, 'Nicolas Cunha', 2, 12),
(1405, 'Sean McCormick Silex', 2, 13),
(1406, 'Malo Soulier', 3, 16),
(1407, 'Lavinia Schmitz', 3, 17),
(1408, 'Luise Lu', 1, 19),
(1409, 'Julian Sievers', 1, 25),
(1410, 'Tim Müller', 1, 26),
(1411, 'Lukas Corell', 1, 28),
(1412, 'Nicolas Cunha', 1, 32),
(1413, 'Herr Herrmann', 1, 36),
(1414, 'Herr Klümper', 2, 38),
(1415, 'Herr Heisig', 1, 41),
(1416, 'Leon Borgerding', 3, 1),
(1417, 'Leon Viktora', 2, 2),
(1420, 'Felix Kirsten', 1, 14),
(1422, 'Julia Müller', 2, 23),
(1423, 'Philipp Nothers', 1, 25),
(1424, 'Malin Kalnins', 1, 26),
(1425, 'Amelie Laake', 2, 27),
(1428, 'Chiara', 1, 32),
(1429, 'Herr Gerhardy', 1, 33),
(1430, 'Herr Gerhardy', 1, 34),
(1431, 'Frau Adams', 4, 36),
(1434, 'Simon Bussmann', 2, 3),
(1435, 'Cristian Beutel', 1, 5),
(1437, 'Hamsa', 1, 9),
(1438, 'Luis Erpenbach', 1, 13),
(1439, 'Lukas Boy', 1, 14),
(1440, 'Simon Bussmann', 2, 16),
(1441, 'Timo Kohlmann', 2, 21),
(1443, 'Antonia', 1, 25),
(1445, 'Herr Klümper', 2, 33),
(1446, 'Herr Rennert', 2, 35),
(1447, 'Aaron Glos', 1, 1),
(1448, 'Jolan Gerritzen', 2, 2),
(1449, 'Greta Bentgens', 1, 4),
(1450, 'Jolan Gerritzen', 2, 5),
(1451, 'Leon Borgerding', 1, 6),
(1453, 'Simon Bussmann', 3, 9),
(1454, 'Nikita Lauff', 3, 10),
(1455, 'Christian Beutel', 1, 11),
(1456, 'Justus Bösken', 5, 12),
(1457, 'Leon Borgerding', 1, 13),
(1459, 'Leony Wittmann', 1, 15),
(1460, 'Simon Bussmann', 3, 18),
(1461, 'Victor Kock Sanchez& Timo Otto', 1, 22),
(1462, 'Victor Kock Sanchez', 1, 23),
(1463, 'Amelie David', 1, 30),
(1464, 'Lars Hogardt', 1, 31),
(1465, 'Frau Adams', 1, 38),
(1467, 'Herr Frings', 1, 41),
(1468, 'Mara und Timo', 3, 8),
(1469, 'Luzi Weichert ', 2, 12),
(1470, 'Anna Feldmann ', 1, 13),
(1472, 'Anna Feldmann ', 1, 18),
(1473, 'Helena Neukirch', 2, 19),
(1476, 'Herrmann ', 1, 35),
(1477, 'Watkins ', 1, 36),
(1479, 'Pakenius ', 1, 38),
(1481, 'Herr Watkins', 1, 42),
(1482, 'Sean Silex', 2, 1),
(1484, 'Meret Faß', 1, 5),
(1485, 'Yarkin Kulaksiz', 6, 7),
(1486, 'Marie Scheidung und Niko Scholzen', 22, 8),
(1487, 'Luca Urbaknczy', 1, 18),
(1488, 'Leony Wittmann', 1, 19),
(1489, 'Malin Kalnins', 1, 20),
(1491, 'Laura Rüttershoff und Calotta Tückmantel', 1, 22),
(1492, 'Justin Kauschke', 1, 23),
(1493, 'Nico Lipinski', 1, 26),
(1494, 'Malin Kalnins', 1, 30),
(1495, 'Jan Hövel', 1, 31),
(1496, 'Herr Weber', 1, 33),
(1497, 'Herr watkins', 1, 34),
(1498, 'Herr Buchmüller', 1, 39),
(1507, 'justin k', 1, 20),
(1509, 'kamil', 1, 27),
(1510, 'yarkin k', 1, 31),
(1512, 'Herr Schirra', 4, 42),
(1513, 'Justin K', 1, 1),
(1514, 'Moritz L', 1, 3),
(1515, 'Gerrit S', 1, 4),
(1519, 'Niklas Klaffki', 1, 11),
(1520, 'Paul Nowack', 1, 12),
(1522, 'Laurin S', 1, 14),
(1524, 'Manon S', 1, 19),
(1525, 'Lena G', 1, 20),
(1528, 'Sean M', 1, 25),
(1529, 'Lilly V', 1, 26),
(1530, 'Noemi M', 1, 27),
(1531, 'Johanna B ', 1, 28),
(1536, 'Herr Klag ', 1, 35),
(1537, 'Frau Klein ', 1, 37),
(1538, 'Frau Richter', 1, 38),
(1542, 'Justin kauschke ', 1, 5),
(1543, 'Nico Scholzen', 1, 9),
(1544, 'Tim krichel ', 1, 12),
(1545, 'Patrick', 2, 14),
(1548, 'Justin', 1, 19),
(1549, 'Tim krichel', 1, 23),
(1551, 'Leon b ', 1, 26),
(1553, 'Luise', 1, 30),
(1555, 'Schlüter', 1, 33),
(1559, 'Maya Springstein', 2, 3),
(1563, 'Leonie Wallusch', 1, 16),
(1566, 'Finia', 1, 20),
(1567, 'Leon V', 1, 23),
(1568, 'Ben Maas', 1, 27),
(1569, 'Cedric D.', 1, 28),
(1570, 'Finia', 1, 30),
(1571, 'Leon Viktora', 1, 31),
(1574, 'Mery Stern', 1, 1),
(1575, 'Dilan Öztürk', 1, 2),
(1577, 'Luis Erpenbach', 1, 4),
(1578, 'Dilan ', 1, 7),
(1582, 'Jennifer', 1, 13),
(1583, 'Lilly Schmidtke', 1, 17),
(1584, 'Annika Koch', 1, 18),
(1585, 'Sophie Osterloh', 1, 19),
(1586, 'Dilan Ö und Malin K', 1, 22),
(1587, 'Mery Stern', 2, 23),
(1589, 'Isabelle', 1, 26),
(1591, 'Anna Wilmschen', 1, 30),
(1593, 'Herr Pakenius', 2, 39),
(1594, 'Victor Schroers', 1, 1),
(1596, 'Jolan Gerritzen', 1, 3),
(1597, 'Simon Berger', 1, 9),
(1598, 'Simon Berger', 1, 12),
(1599, 'Jolan Gerritzen', 2, 18),
(1602, 'Burak', 2, 2),
(1604, 'Alexander Pinske', 2, 7),
(1605, 'Timo Kohlmann-Mara Spicker', 2, 8),
(1606, 'Alessio Padovano', 2, 10),
(1607, 'Antonia Eigemann', 2, 13),
(1608, 'Jolan Gerritzen', 3, 21),
(1610, 'Herr Buchmüller', 2, 38),
(1611, 'Moritz Liebisch', 1, 6),
(1612, 'Lars, Greta', 1, 8),
(1613, 'Christian Beutel', 1, 13),
(1614, 'Luca van den Boom', 2, 14),
(1616, 'Felix Kirsten', 1, 24),
(1617, 'Lukas Corell', 1, 25),
(1618, 'Dominik Kwitowski', 1, 26),
(1620, 'Robin', 1, 2),
(1621, 'Frau Kahlert', 1, 36);

-- --------------------------------------------------------

--
-- Tabellenstruktur für Tabelle `voters`
--

CREATE TABLE `voters` (
  `id` bigint(20) NOT NULL,
  `candidatesubmit_status` bit(1) DEFAULT NULL,
  `email` varchar(255) DEFAULT NULL,
  `motto_status` bit(1) DEFAULT NULL,
  `vote_status` bit(1) DEFAULT NULL
) ENGINE=InnoDB DEFAULT CHARSET=latin1;

--
-- Daten für Tabelle `voters`
--

INSERT INTO `voters` (`id`, `candidatesubmit_status`, `email`, `motto_status`, `vote_status`) VALUES
(1, b'1', 'negar.barzegar@adolfinum.de', b'0', b'0'),
(2, b'1', 'simon.berger@adolfinum.de', b'0', b'1'),
(3, b'0', 'nicolas.cunha@adolfinum.de', b'0', b'1'),
(4, b'0', 'joline.hackstein@adolfinum.de', b'0', b'1'),
(5, b'0', 'philip.heckhoff@adolfinum.de', b'0', b'1'),
(6, b'1', 'simon.hormes@adolfinum.de', b'0', b'1'),
(7, b'1', 'benjamin.vogt@adolfinum.de', b'0', b'1'),
(8, b'0', 'taycan.arslan@adolfinum.de', b'0', b'1'),
(9, b'0', 'luca.boom@adolfinum.de', b'0', b'0'),
(10, b'1', 'leon.borgerding@adolfinum.de', b'0', b'1'),
(11, b'1', 'lukas.boy@adolfinum.de', b'0', b'1'),
(12, b'1', 'lukas.corell@adolfinum.de', b'0', b'1'),
(13, b'1', 'cedric.damerow@adolfinum.de', b'0', b'0'),
(14, b'1', 'amelie.david@adolfinum.de', b'0', b'1'),
(15, b'1', 'zeynep.efe@adolfinum.de', b'0', b'1'),
(16, b'1', 'melinda.hirschelmann@adolfinum.de', b'0', b'1'),
(17, b'1', 'lars.hogardt@adolfinum.de', b'0', b'0'),
(18, b'0', 'malin.kalnins@adolfinum.de', b'0', b'1'),
(19, b'0', 'victor.kocksnchez@adolfinum.de', b'0', b'1'),
(20, b'0', 'kamil.kowalczyk@adolfinum.de', b'0', b'1'),
(21, b'0', 'romyna.gurny@adolfinum.de', b'0', b'1'),
(22, b'0', 'noelia.kocksnchez@adolfinum.de', b'0', b'1'),
(23, b'1', 'lili.schweitzer@adolfinum.de', b'0', b'1'),
(24, b'1', 'jerome.laukamp@adolfinum.de', b'0', b'1'),
(25, b'0', 'elisa.bahl@adolfinum.de', b'0', b'1'),
(26, b'0', 'lisa.baumeister@adolfinum.de', b'0', b'1'),
(27, b'1', 'johanna.boeckmann@adolfinum.de', b'0', b'1'),
(28, b'1', 'svenja.fischer@adolfinum.de', b'0', b'1'),
(29, b'0', 'lena.goehlich@adolfinum.de', b'0', b'1'),
(30, b'0', 'paula.haub@adolfinum.de', b'0', b'1'),
(31, b'0', 'daria.horstmann@adolfinum.de', b'0', b'1'),
(32, b'1', 'melina.kascha@adolfinum.de', b'0', b'1'),
(33, b'1', 'pia.kleinwegen@adolfinum.de', b'0', b'1'),
(34, b'1', 'lauramarie.koenig@adolfinum.de', b'0', b'1'),
(35, b'1', 'yarkin.kulaksiz@adolfinum.de', b'0', b'1'),
(36, b'1', 'amelie.laake@adolfinum.de', b'0', b'1'),
(37, b'1', 'noemi.malaponti@adolfinum.de', b'0', b'1'),
(38, b'1', 'yara.mueser@adolfinum.de', b'0', b'1'),
(39, b'0', 'paul.nowack@adolfinum.de', b'0', b'1'),
(40, b'0', 'luca.ofiera@adolfinum.de', b'0', b'0'),
(41, b'1', 'timo.otto@adolfinum.de', b'0', b'0'),
(42, b'0', 'linnea.paulukuhn@adolfinum.de', b'0', b'1'),
(43, b'1', 'isabelle.schneider@adolfinum.de', b'0', b'1'),
(44, b'1', 'nico.scholzen@adolfinum.de', b'0', b'1'),
(45, b'1', 'manon.schroff@adolfinum.de', b'0', b'1'),
(46, b'1', 'carlotta.tueckmantel@adolfinum.de', b'0', b'1'),
(47, b'1', 'simon.bussmann@adolfinum.de', b'0', b'1'),
(48, b'0', 'luis.erpenbach@adolfinum.de', b'0', b'1'),
(49, b'1', 'meret.fass@adolfinum.de', b'0', b'1'),
(50, b'1', 'anna.feldmann@adolfinum.de', b'0', b'1'),
(51, b'1', 'alina.fuenderich@adolfinum.de', b'0', b'1'),
(52, b'1', 'joline.gilles@adolfinum.de', b'0', b'1'),
(53, b'1', 'karolina.hein@adolfinum.de', b'0', b'1'),
(54, b'1', 'robin.heldt@adolfinum.de', b'0', b'1'),
(55, b'1', 'annika.koch@adolfinum.de', b'0', b'1'),
(56, b'0', 'dusanka.djukanovic@adolfinum.de', b'0', b'0'),
(57, b'1', 'aaron.glos@adolfinum.de', b'0', b'1'),
(58, b'1', 'ayseguel.guelten@adolfinum.de', b'0', b'1'),
(59, b'1', 'hamza.hasoumi@adolfinum.de', b'0', b'1'),
(60, b'0', 'evelyn.hofmann@adolfinum.de', b'0', b'1'),
(61, b'1', 'burakmustafa.kulac@adolfinum.de', b'0', b'1'),
(62, b'0', 'dominik.kwitowski@adolfinum.de', b'0', b'1'),
(63, b'1', 'julia.lener@adolfinum.de', b'0', b'1'),
(64, b'0', 'paula.may@adolfinum.de', b'0', b'1'),
(65, b'0', 'luca.mueller@adolfinum.de', b'0', b'0'),
(66, b'1', 'mathieu.mueller@adolfinum.de', b'0', b'0'),
(67, b'0', 'marie.puetter@adolfinum.de', b'0', b'1'),
(68, b'1', 'hendrik.herffs@adolfinum.de', b'0', b'1'),
(69, b'1', 'greta.bentgens@adolfinum.de', b'0', b'1'),
(70, b'0', 'sven.mittmann@adolfinum.de', b'0', b'0'),
(71, b'0', 'jan.hoevel@adolfinum.de', b'0', b'0'),
(72, b'0', 'tim.krichel@adolfinum.de', b'0', b'1'),
(73, b'0', 'milo.lehnen@adolfinum.de', b'0', b'0'),
(74, b'0', 'lewis.lehner@adolfinum.de', b'0', b'1'),
(75, b'0', 'nico.lipinski@adolfinum.de', b'0', b'1'),
(76, b'1', 'luise.lu@adolfinum.de', b'0', b'1'),
(77, b'1', 'maike.nawarotzky@adolfinum.de', b'0', b'1'),
(78, b'0', 'rabea.peters@adolfinum.de', b'0', b'1'),
(79, b'1', 'patrick.preuss@adolfinum.de', b'0', b'1'),
(80, b'1', 'julius.preusser@adolfinum.de', b'0', b'1'),
(81, b'1', 'marie.scheidung@adolfinum.de', b'0', b'1'),
(82, b'1', 'lena.schlayer@adolfinum.de', b'0', b'1'),
(83, b'1', 'emma.sprenger@adolfinum.de', b'0', b'1'),
(84, b'1', 'klaudia.kapala@adolfinum.de', b'0', b'1'),
(85, b'0', 'gabriel.schacht@adolfinum.de', b'0', b'1'),
(86, b'1', 'delia.schmitz@adolfinum.de', b'0', b'1'),
(87, b'1', 'katharina.schmitz@adolfinum.de', b'0', b'1'),
(88, b'0', 'laurin.severith@adolfinum.de', b'0', b'0'),
(89, b'1', 'julian.sievers@adolfinum.de', b'0', b'1'),
(90, b'1', 'anna.siewert@adolfinum.de', b'0', b'1'),
(91, b'1', 'chiara.welter@adolfinum.de', b'0', b'1'),
(92, b'0', 'kira.winzen@adolfinum.de', b'0', b'0'),
(93, b'0', 'tim.zentzis@adolfinum.de', b'0', b'0'),
(94, b'1', 'justus.boesken@adolfinum.de', b'0', b'1'),
(95, b'1', 'finia.brinkmann@adolfinum.de', b'0', b'1'),
(96, b'0', 'anesa.cavcic@adolfinum.de', b'0', b'1'),
(97, b'1', 'antonia.eigemann@adolfinum.de', b'0', b'1'),
(98, b'1', 'nico.hahn@adolfinum.de', b'0', b'0'),
(99, b'0', 'timo.kohlmann@adolfinum.de', b'0', b'0'),
(100, b'1', 'alexander.kupillas@adolfinum.de', b'0', b'1'),
(101, b'1', 'alexander.neumann@adolfinum.de', b'0', b'0'),
(102, b'1', 'sophie.osterloh@adolfinum.de', b'0', b'1'),
(103, b'1', 'clemens.palinsky@adolfinum.de', b'0', b'1'),
(104, b'1', 'oliver.palinsky@adolfinum.de', b'0', b'1'),
(105, b'0', 'hendrik.pierlo@adolfinum.de', b'0', b'1'),
(106, b'1', 'lilly.schmidtke@adolfinum.de', b'0', b'1'),
(107, b'1', 'mara.spicker@adolfinum.de', b'0', b'0'),
(108, b'0', 'anhtrung.vo@adolfinum.de', b'0', b'0'),
(109, b'1', 'ben.schwarz@adolfinum.de', b'0', b'0'),
(110, b'1', 'luca.urbanczyk@adolfinum.de', b'0', b'1'),
(111, b'0', 'helena.neukirch@adolfinum.de', b'0', b'1'),
(112, b'0', 'nikita.lauff@adolfinum.de', b'0', b'0'),
(113, b'1', 'jennifer.lengard@adolfinum.de', b'0', b'1'),
(114, b'1', 'julia.mueller@adolfinum.de', b'0', b'1'),
(115, b'0', 'philipp.nothers@adolfinum.de', b'0', b'1'),
(116, b'0', 'judith.oppenberg@adolfinum.de', b'0', b'1'),
(117, b'1', 'dilan.oeztuerk@adolfinum.de', b'0', b'0'),
(118, b'0', 'malo.soulier@adolfinum.de', b'0', b'1'),
(119, b'0', 'mery.stern@adolfinum.de', b'0', b'1'),
(120, b'0', 'nouel.verberkt@adolfinum.de', b'0', b'1'),
(121, b'1', 'leon.viktora@adolfinum.de', b'0', b'1'),
(122, b'1', 'pia.anthes@adolfinum.de', b'0', b'1'),
(123, b'1', 'eray.arici@adolfinum.de', b'0', b'1'),
(124, b'1', 'christian.beutel@adolfinum.de', b'0', b'1'),
(125, b'1', 'mara.blanke@adolfinum.de', b'0', b'1'),
(126, b'0', 'lilly.ventzke@adolfinum.de', b'0', b'1'),
(127, b'1', 'luzi.weichert@adolfinum.de', b'0', b'1'),
(128, b'1', 'moritz.weihnacht@adolfinum.de', b'0', b'1'),
(129, b'1', 'leony.wittmann@adolfinum.de', b'0', b'1'),
(130, b'1', 'annika.lieblang@adolfinum.de', b'0', b'1'),
(131, b'0', 'leonie.wallusch@adolfinum.de', b'0', b'0'),
(132, b'1', 'felix.kirsten@adolfinum.de', b'0', b'1'),
(133, b'1', 'moritz.liebisch@adolfinum.de', b'0', b'1'),
(134, b'1', 'christian.pickardt@adolfinum.de', b'0', b'1'),
(135, b'0', 'jan.schliekmann@adolfinum.de', b'0', b'0'),
(136, b'1', 'elsa.piplack@adolfinum.de', b'0', b'1'),
(137, b'0', 'jolan.gerritzen@adolfinum.de', b'0', b'1'),
(138, b'1', 'lorena.garau@adolfinum.de', b'0', b'1'),
(139, b'0', 'matthias.karl@adolfinum.de', b'0', b'0'),
(140, b'0', 'justin.kauschke@adolfinum.de', b'0', b'1'),
(141, b'1', 'leonie.kramer@adolfinum.de', b'0', b'1'),
(142, b'1', 'laura.kurreck@adolfinum.de', b'0', b'1'),
(143, b'0', 'maya.lueck@adolfinum.de', b'0', b'1'),
(144, b'0', 'sean.mccormick-silex@adolfinum.de', b'0', b'0'),
(145, b'1', 'tim.mueller@adolfinum.de', b'0', b'0'),
(146, b'1', 'lana.peric@adolfinum.de', b'0', b'1'),
(147, b'1', 'jan.pintostrohhaeusl@adolfinum.de', b'0', b'1'),
(148, b'1', 'laura.ruettershoff@adolfinum.de', b'0', b'1'),
(149, b'0', 'charlotte.schirmer@adolfinum.de', b'0', b'1'),
(150, b'1', 'lavinia.schmitz@adolfinum.de', b'0', b'1'),
(151, b'1', 'victor.schroers@adolfinum.de', b'0', b'0'),
(152, b'1', 'gerrit.schulz@adolfinum.de', b'0', b'1'),
(153, b'1', 'clemens.spoo@adolfinum.de', b'0', b'1'),
(154, b'0', 'simon.stavroulakis@adolfinum.de', b'0', b'0'),
(155, b'1', 'ioannis.boerner@adolfinum.de', b'0', b'1'),
(156, b'0', 'marwa.nafouti@adolfinum.de', b'0', b'0'),
(157, b'0', 'niklas.klaffki@adolfinum.de', b'0', b'0'),
(158, b'0', 'alessio.padovano@adolfinum.de', b'0', b'1'),
(159, b'0', 'jonas.breder@adolfinum.de', b'0', b'0'),
(160, b'1', 'ben.maas@adolfinum.de', b'0', b'1'),
(161, b'0', 'mina.ercan@adolfinum.de', b'0', b'1'),
(162, b'1', 'can.patir@adolfinum.de', b'0', b'1'),
(163, b'0', 'maya.springstein@adolfinum.de', b'0', b'0');

--
-- Indizes der exportierten Tabellen
--

--
-- Indizes für die Tabelle `auth_codes`
--
ALTER TABLE `auth_codes`
  ADD PRIMARY KEY (`id`);

--
-- Indizes für die Tabelle `candidates`
--
ALTER TABLE `candidates`
  ADD PRIMARY KEY (`id`),
  ADD KEY `FKahv5ay5uut18brh5v69sfeggh` (`category_id`);

--
-- Indizes für die Tabelle `categories`
--
ALTER TABLE `categories`
  ADD PRIMARY KEY (`id`);

--
-- Indizes für die Tabelle `mottos`
--
ALTER TABLE `mottos`
  ADD PRIMARY KEY (`id`);

--
-- Indizes für die Tabelle `possible_candidates`
--
ALTER TABLE `possible_candidates`
  ADD PRIMARY KEY (`id`),
  ADD KEY `FK78ng7m4e2cn5j59yadagcnhbs` (`category_id`);

--
-- Indizes für die Tabelle `voters`
--
ALTER TABLE `voters`
  ADD PRIMARY KEY (`id`);

--
-- AUTO_INCREMENT für exportierte Tabellen
--

--
-- AUTO_INCREMENT für Tabelle `auth_codes`
--
ALTER TABLE `auth_codes`
  MODIFY `id` bigint(20) NOT NULL AUTO_INCREMENT, AUTO_INCREMENT=149;

--
-- AUTO_INCREMENT für Tabelle `candidates`
--
ALTER TABLE `candidates`
  MODIFY `id` bigint(20) NOT NULL AUTO_INCREMENT, AUTO_INCREMENT=423;

--
-- AUTO_INCREMENT für Tabelle `categories`
--
ALTER TABLE `categories`
  MODIFY `id` bigint(20) NOT NULL AUTO_INCREMENT, AUTO_INCREMENT=43;

--
-- AUTO_INCREMENT für Tabelle `mottos`
--
ALTER TABLE `mottos`
  MODIFY `id` bigint(20) NOT NULL AUTO_INCREMENT, AUTO_INCREMENT=12;

--
-- AUTO_INCREMENT für Tabelle `possible_candidates`
--
ALTER TABLE `possible_candidates`
  MODIFY `id` bigint(20) NOT NULL AUTO_INCREMENT, AUTO_INCREMENT=1622;

--
-- AUTO_INCREMENT für Tabelle `voters`
--
ALTER TABLE `voters`
  MODIFY `id` bigint(20) NOT NULL AUTO_INCREMENT, AUTO_INCREMENT=165;

--
-- Constraints der exportierten Tabellen
--

--
-- Constraints der Tabelle `candidates`
--
ALTER TABLE `candidates`
  ADD CONSTRAINT `FKahv5ay5uut18brh5v69sfeggh` FOREIGN KEY (`category_id`) REFERENCES `categories` (`id`);

--
-- Constraints der Tabelle `possible_candidates`
--
ALTER TABLE `possible_candidates`
  ADD CONSTRAINT `FK78ng7m4e2cn5j59yadagcnhbs` FOREIGN KEY (`category_id`) REFERENCES `categories` (`id`);
COMMIT;

/*!40101 SET CHARACTER_SET_CLIENT=@OLD_CHARACTER_SET_CLIENT */;
/*!40101 SET CHARACTER_SET_RESULTS=@OLD_CHARACTER_SET_RESULTS */;
/*!40101 SET COLLATION_CONNECTION=@OLD_COLLATION_CONNECTION */;
